{
  "id": "3039593",
  "name": "no name2",
  "font_family": "iconfont",
  "css_prefix_text": "icon-",
  "description": "",
  "glyphs": [
    {
      "icon_id": "14183056",
      "name": "24_发言、对话、留言",
      "font_class": "24_fayanduihualiuyan",
      "unicode": "e676",
      "unicode_decimal": 58998
    },
    {
      "icon_id": "2023011",
      "name": "待提交",
      "font_class": "daitijiao",
      "unicode": "e621",
      "unicode_decimal": 58913
    },
    {
      "icon_id": "27108465",
      "name": "提交内核",
      "font_class": "tijiaoneihe",
      "unicode": "e6c0",
      "unicode_decimal": 59072
    }
  ]
}
