{
  "id": "3039593",
  "name": "no name2",
  "font_family": "iconfont",
  "css_prefix_text": "icon-",
  "description": "",
  "glyphs": [
    {
      "icon_id": "20951542",
      "name": "操作_踩_24px",
      "font_class": "caozuo_cai_24px",
      "unicode": "e608",
      "unicode_decimal": 58888
    },
    {
      "icon_id": "526017",
      "name": "投诉举报",
      "font_class": "tousujubao",
      "unicode": "e626",
      "unicode_decimal": 58918
    },
    {
      "icon_id": "3851368",
      "name": "评论",
      "font_class": "pinglun",
      "unicode": "e663",
      "unicode_decimal": 58979
    },
    {
      "icon_id": "15053894",
      "name": "点赞",
      "font_class": "24px",
      "unicode": "e60d",
      "unicode_decimal": 58893
    },
    {
      "icon_id": "1161709",
      "name": "arrow-down",
      "font_class": "arrow-down",
      "unicode": "e622",
      "unicode_decimal": 58914
    },
    {
      "icon_id": "14183056",
      "name": "24_发言、对话、留言",
      "font_class": "24_fayanduihualiuyan",
      "unicode": "e676",
      "unicode_decimal": 58998
    },
    {
      "icon_id": "2023011",
      "name": "待提交",
      "font_class": "daitijiao",
      "unicode": "e621",
      "unicode_decimal": 58913
    },
    {
      "icon_id": "27108465",
      "name": "提交内核",
      "font_class": "tijiaoneihe",
      "unicode": "e6c0",
      "unicode_decimal": 59072
    }
  ]
}
